{
    "Support Vector Machine": {
        "f1": {
            "mean": 0.14263998096935407,
            "std": 0.010300113450050486,
            "per_fold": [
                0.13504823151125403,
                0.1601423487544484,
                0.14910858995137763,
                0.1488673139158576,
                0.1375,
                0.14114114114114115,
                0.14308426073131955,
                0.15437392795883362,
                0.13374805598755832,
                0.12338593974175036
            ]
        },
        "roc_auc": {
            "mean": 0.9792010113865327,
            "std": 0.010109557440796167,
            "per_fold": [
                0.9787182881030858,
                0.9940559932470456,
                0.9778992913991709,
                0.9889101673308602,
                0.9743383425401675,
                0.9920657029299004,
                0.9592156448946572,
                0.9702487727179085,
                0.9824480177213863,
                0.9741098929811451
            ]
        },
        "pr_auc": {
            "mean": 0.7266070915381646,
            "std": 0.05134889837992044,
            "per_fold": [
                0.6904767214720453,
                0.6949819565244798,
                0.7412944934773291,
                0.6914731333903776,
                0.62226534541278,
                0.8184089695484185,
                0.7553308453280759,
                0.7721074039654385,
                0.7348805309660713,
                0.7448515152966296
            ]
        },
        "mcc": {
            "mean": 0.2617782294035189,
            "std": 0.01334292908246945,
            "per_fold": [
                0.2474833039720801,
                0.28104387494909694,
                0.2728402502958501,
                0.27259485685498425,
                0.2554667635953283,
                0.2647541083016991,
                0.26140104841318795,
                0.2753400092026462,
                0.2488751242817064,
                0.23798295416861023
            ]
        },
        "accuracy": {
            "mean": 0.9810924534895923,
            "std": 0.0013013284392515286,
            "per_fold": [
                0.9811102138267617,
                0.9834275481900214,
                0.9815666584740704,
                0.9815315473473544,
                0.980618658052737,
                0.9799164355184158,
                0.9810751027000456,
                0.982689606741573,
                0.9804424157303371,
                0.9785463483146067
            ]
        }
    },
    "Decision Tree": {
        "f1": {
            "mean": 0.5259019611844822,
            "std": 0.03457811279790592,
            "per_fold": [
                0.48951048951048953,
                0.5390070921985816,
                0.5189873417721519,
                0.5522388059701493,
                0.5777777777777777,
                0.5774647887323944,
                0.5234899328859061,
                0.5142857142857142,
                0.5,
                0.4662576687116564
            ]
        },
        "roc_auc": {
            "mean": 0.8861228608489737,
            "std": 0.017591781283145782,
            "per_fold": [
                0.8561052938339095,
                0.8868054678258472,
                0.9171715112606664,
                0.8767069011059686,
                0.8971326501900704,
                0.9091030916956843,
                0.8889448137596285,
                0.8663796847218364,
                0.8764606612931127,
                0.8864185328030125
            ]
        },
        "pr_auc": {
            "mean": 0.30986094202969217,
            "std": 0.0344445981331229,
            "per_fold": [
                0.2664490025825354,
                0.320705654514551,
                0.3150159573529908,
                0.3291128101112289,
                0.3612908359942607,
                0.36575078274914014,
                0.3076589496666039,
                0.29110458805697853,
                0.28263120195303176,
                0.25888963731560033
            ]
        },
        "mcc": {
            "mean": 0.5544408308014691,
            "std": 0.03102165327956098,
            "per_fold": [
                0.5146198040986876,
                0.5650090243012135,
                0.5600001702590091,
                0.5723968968761028,
                0.5999252936428414,
                0.6036356294795154,
                0.5532990891511639,
                0.5380959760909093,
                0.5301664728972793,
                0.5072599512179686
            ]
        },
        "accuracy": {
            "mean": 0.9975737929120102,
            "std": 0.00030224737683046,
            "per_fold": [
                0.9974368877497279,
                0.9977177767634563,
                0.9973315543695798,
                0.9978933323970366,
                0.9979986657771848,
                0.9978933323970366,
                0.99750711000316,
                0.9976123595505618,
                0.9974016853932585,
                0.9969452247191011
            ]
        }
    },
    "K-Nearest Neighbors": {
        "f1": {
            "mean": 0.6663272061755015,
            "std": 0.035528017891926125,
            "per_fold": [
                0.6451612903225806,
                0.7,
                0.7258064516129032,
                0.6666666666666666,
                0.625,
                0.704,
                0.6890756302521008,
                0.6106870229007634,
                0.65625,
                0.640625
            ]
        },
        "roc_auc": {
            "mean": 0.9264183891122582,
            "std": 0.015068658083737183,
            "per_fold": [
                0.9076995739207332,
                0.928174850412872,
                0.9588936869063888,
                0.9180141949858166,
                0.917866330550228,
                0.939674299180472,
                0.9195990292286589,
                0.9076938151012225,
                0.9383656385420053,
                0.9282024722941832
            ]
        },
        "pr_auc": {
            "mean": 0.6088054462340977,
            "std": 0.0564500416388545,
            "per_fold": [
                0.542164997804026,
                0.6027246392839141,
                0.7151955245231401,
                0.6060995010435206,
                0.5443847082808658,
                0.6795089123743314,
                0.5976783773922756,
                0.5356120968833287,
                0.6196175448449183,
                0.6450681599106559
            ]
        },
        "mcc": {
            "mean": 0.6813113062129121,
            "std": 0.03373556840317979,
            "per_fold": [
                0.6591353139268175,
                0.7114969744332836,
                0.7417938710149176,
                0.680233683176236,
                0.6421659584782505,
                0.7179424373894748,
                0.6974250814969913,
                0.6302612185850363,
                0.6743837049554132,
                0.6582748186726998
            ]
        },
        "accuracy": {
            "mean": 0.9985323375203023,
            "std": 0.00018961741808405042,
            "per_fold": [
                0.9984551104244935,
                0.998735999438222,
                0.9988062216916541,
                0.9985604438046417,
                0.9983146659176293,
                0.9987008883115059,
                0.9987008883115059,
                0.9982092696629213,
                0.9984550561797753,
                0.9983848314606741
            ]
        }
    },
    "Random Forest": {
        "f1": {
            "mean": 0.8308811816662505,
            "std": 0.03953589800756895,