{
    "Support Vector Machine": {
        "f1": {
            "mean": 0.14263998096935407,
            "std": 0.010300113450050486,
            "per_fold": [
                0.13504823151125403,
                0.1601423487544484,
                0.14910858995137763,
                0.1488673139158576,
                0.1375,
                0.14114114114114115,
                0.14308426073131955,
                0.15437392795883362,
                0.13374805598755832,
                0.12338593974175036
            ]
        },
        "roc_auc": {
            "mean": 0.9792035955514464,
            "std": 0.010108270993848706,
            "per_fold": [
                0.9787190058916082,
                0.9940559932470456,
                0.9778992913991708,
                0.9889101673308602,
                0.9743275757123333,
                0.9920657029299004,
                0.9592156448946572,
                0.9702487727179085,
                0.9824480177213863,
                0.9741457836695931
            ]
        },
        "pr_auc": {
            "mean": 0.7265607932855516,
            "std": 0.051458263031050576,
            "per_fold": [
                0.6904768030859272,
                0.6949819565244798,
                0.7412944934773291,
                0.6914731333903776,
                0.6217388687950867,
                0.8184089695484185,
                0.7553308453280759,
                0.7721074039654385,
                0.7348805309660713,
                0.744914927774311
            ]
        },
        "mcc": {
            "mean": 0.2617782294035189,
            "std": 0.01334292908246945,
            "per_fold": [
                0.2474833039720801,
                0.28104387494909694,
                0.2728402502958501,
                0.27259485685498425,
                0.2554667635953283,
                0.2647541083016991,
                0.26140104841318795,
                0.2753400092026462,
                0.2488751242817064,
                0.23798295416861023
            ]
        },
        "accuracy": {
            "mean": 0.9810924534895923,
            "std": 0.0013013284392515286,
            "per_fold": [
                0.9811102138267617,
                0.9834275481900214,
                0.9815666584740704,
                0.9815315473473544,
                0.980618658052737,
                0.9799164355184158,
                0.9810751027000456,
                0.982689606741573,
                0.9804424157303371,
                0.9785463483146067
            ]
        }
    },
    "Decision Tree": {
        "f1": {
            "mean": 0.5259019611844822,
            "std": 0.03457811279790592,
            "per_fold": [
                0.48951048951048953,
                0.5390070921985816,
                0.5189873417721519,
                0.5522388059701493,
                0.5777777777777777,
                0.5774647887323944,
                0.5234899328859061,
                0.5142857142857142,
                0.5,
                0.4662576687116564
            ]
        },
        "roc_auc": {
            "mean": 0.8861228608489737,
            "std": 0.017591781283145782,
            "per_fold": [
                0.8561052938339095,
                0.8868054678258472,
                0.9171715112606664,
                0.8767069011059686,
                0.8971326501900704,
                0.9091030916956843,
                0.8889448137596285,
                0.8663796847218364,
                0.8764606612931127,
                0.8864185328030125
            ]
        },
        "pr_auc": {
            "mean": 0.30986094202969217,
            "std": 0.0344445981331229,
            "per_fold": [
                0.2664490025825354,
                0.320705654514551,
                0.3150159573529908,
                0.3291128101112289,
                0.3612908359942607,
                0.36575078274914014,
                0.3076589496666039,
                0.29110458805697853,
                0.28263120195303176,
                0.25888963731560033
            ]
        },
        "mcc": {
            "mean": 0.5544408308014691,
            "std": 0.03102165327956098,
            "per_fold": [
                0.5146198040986876,
                0.5650090243012135,
                0.5600001702590091,
                0.5723968968761028,
                0.5999252936428414,
                0.6036356294795154,
                0.5532990891511639,
                0.5380959760909093,
                0.5301664728972793,
                0.5072599512179686
            ]
        },
        "accuracy": {
            "mean": 0.9975737929120102,
            "std": 0.00030224737683046,
            "per_fold": [
                0.9974368877497279,
                0.9977177767634563,
                0.9973315543695798,
                0.9978933323970366,
                0.9979986657771848,
                0.9978933323970366,
                0.99750711000316,
                0.9976123595505618,
                0.9974016853932585,
                0.9969452247191011
            ]
        }
    },
    "K-Nearest Neighbors": {
        "f1": {
            "mean": 0.6631956514429305,
            "std": 0.037066740656552515,
            "per_fold": [
                0.6299212598425197,
                0.6942148760330579,
                0.7258064516129032,
                0.6612903225806451,
                0.625,
                0.704,
                0.6942148760330579,
                0.6106870229007634,
                0.6511627906976745,
                0.6356589147286822
            ]
        },
        "roc_auc": {
            "mean": 0.9264184953524829,
            "std": 0.015069065442198631,
            "per_fold": [
                0.9076920371412494,
                0.928179874932528,
                0.9588908157522996,
                0.9180138360915554,
                0.9178709961756228,
                0.939674299180472,
                0.9195997326861524,
                0.9076938151012225,
                0.938369945424619,
                0.9281996010391074
            ]
        },
        "pr_auc": {
            "mean": 0.6072676161579481,
            "std": 0.056119978854079954,
            "per_fold": [
                0.5382542523644109,
                0.6003385422654911,
                0.710715583653432,
                0.6051293738622133,
                0.5442031055258191,
                0.6795089123743314,
                0.5953714322732858,
                0.5356120968833287,
                0.6194270834188936,
                0.644115778958275
            ]
        },
        "mcc": {
            "mean": 0.6789226450892016,
            "std": 0.035168736338991584,
            "per_fold": [
                0.6462858112636747,
                0.7065221551061825,
                0.7417938710149176,
                0.6756670253444375,
                0.6421659584782505,
                0.7179424373894748,
                0.7043165276055123,
                0.6302612185850363,
                0.670139808532965,
                0.6541316375715656
            ]
        },
        "accuracy": {
            "mean": 0.998507759485034,
            "std": 0.00019629387201554744,
            "per_fold": [
                0.9983497770443454,
                0.9987008883115059,
                0.9988062216916541,
                0.9985253326779256,
                0.9983146659176293,
                0.9987008883115059,
                0.9987008883115059,
                0.9982092696629213,
                0.9984199438202247,
                0.9983497191011236
            ]
        }
    },
    "Random Forest": {
        "f1": {
            "mean": 0.8330649005584336,
            "std": 0.035934788826898455,