{
    "Support Vector Machine (LinearSVC)": {
        "confusion_matrix": [
            [
                97209,
                2302
            ],
            [
                21,
                151
            ]
        ],
        "classification_report": {
            "0": {
                "precision": 0.9997840172786178,
                "recall": 0.9768668790384982,
                "f1-score": 0.9881925983907778,
                "support": 99511.0
            },
            "1": {
                "precision": 0.061557276803913576,
                "recall": 0.877906976744186,
                "f1-score": 0.11504761904761905,
                "support": 172.0
            },
            "accuracy": 0.9766961267217078,
            "macro avg": {
                "precision": 0.5306706470412657,
                "recall": 0.9273869278913421,
                "f1-score": 0.5516201087191984,
                "support": 99683.0
            },
            "weighted avg": {
                "precision": 0.9981651354295397,
                "recall": 0.9766961267217078,
                "f1-score": 0.9866860131510977,
                "support": 99683.0
            }
        },
        "mcc": 0.22898238897702336,
        "roc_auc_score": 0.9694484517663468,
        "pr_auc_score": 0.7090800696897785
    },
    "K-Nearest Neighbors": {
        "confusion_matrix": [
            [
                4989,
                3
            ],
            [
                1,
                7
            ]
        ],
        "classification_report": {
            "0": {
                "precision": 0.9997995991983968,
                "recall": 0.9993990384615384,
                "f1-score": 0.999599278701663,
                "support": 4992.0
            },
            "1": {
                "precision": 0.7,
                "recall": 0.875,
                "f1-score": 0.7777777777777778,
                "support": 8.0
            },
            "accuracy": 0.9992,
            "macro avg": {
                "precision": 0.8498997995991984,
                "recall": 0.9371995192307692,
                "f1-score": 0.8886885282397203,
                "support": 5000.0
            },
            "weighted avg": {
                "precision": 0.9993199198396795,
                "recall": 0.9992,
                "f1-score": 0.9992443643001848,
                "support": 5000.0
            }
        },
        "mcc": 0.7822429907994372,
        "roc_auc_score": 0.9373622796474359,
        "pr_auc_score": 0.765825
    },
    "Decision Tree": {
        "confusion_matrix": [
            [
                99325,
                186
            ],
            [
                44,
                128
            ]
        ],
        "classification_report": {
            "0": {
                "precision": 0.9995572059696686,
                "recall": 0.9981308599049351,
                "f1-score": 0.9988435237329043,
                "support": 99511.0
            },
            "1": {
                "precision": 0.40764331210191085,
                "recall": 0.7441860465116279,
                "f1-score": 0.5267489711934157,
                "support": 172.0
            },
            "accuracy": 0.9976926858140305,
            "macro avg": {
                "precision": 0.7036002590357897,
                "recall": 0.8711584532082814,
                "f1-score": 0.76279624746316,
                "support": 99683.0
            },
            "weighted avg": {
                "precision": 0.998535876457663,
                "recall": 0.9976926858140305,
                "f1-score": 0.9980289388685163,
                "support": 99683.0
            }
        },
        "mcc": 0.5497925325667098,
        "roc_auc_score": 0.8711584532082816,
        "pr_auc_score": 0.30380386405560345
    },
    "Random Forest": {
        "confusion_matrix": [
            [
                99493,
                18
            ],
            [
                34,
                138
            ]
        ],
        "classification_report": {
            "0": {
                "precision": 0.9996583841570629,
                "recall": 0.9998191154746712,
                "f1-score": 0.9997387433555401,
                "support": 99511.0
            },
            "1": {
                "precision": 0.8846153846153846,
                "recall": 0.8023255813953488,
                "f1-score": 0.8414634146341463,
                "support": 172.0
            },
            "accuracy": 0.9994783463579547,
            "macro avg": {
                "precision": 0.9421368843862237,
                "recall": 0.90107234843501,
                "f1-score": 0.9206010789948432,
                "support": 99683.0
            },
            "weighted avg": {
                "precision": 0.9994598809426615,
                "recall": 0.9994783463579547,
                "f1-score": 0.9994656440653895,
                "support": 99683.0
            }
        },
        "mcc": 0.8422087117823497,
        "roc_auc_score": 0.9751233824097512,
        "pr_auc": 0.8377821776661317
    },
    "XGBoost": {
        "confusion_matrix": [
            [
                99051,
                460
            ],
            [
                25,
                147
            ]
        ],
        "classification_report": {
            "0": {
                "precision": 0.9997476684565384,
                "recall": 0.9953773954638181,
                "f1-score": 0.997557745471758,
                "support": 99511.0
            },
            "1": {
                "precision": 0.24217462932454695,
                "recall": 0.8546511627906976,
                "f1-score": 0.3774069319640565,
                "support": 172.0
            },
            "accuracy": 0.9951345766078469,
            "macro avg": {
                "precision": 0.6209611488905427,
                "recall": 0.9250142791272579,
                "f1-score": 0.6874823387179072,
                "support": 99683.0
            },
            "weighted avg": {
                "precision": 0.9984404991023788,
                "recall": 0.9951345766078469,
                "f1-score": 0.9964876940093891,
                "support": 99683.0
            }
        },
        "mcc": 0.4534764183422062,
        "roc_auc_score": 0.9741917628365497,
        "pr_auc": 0.8072072771325963
    }
}