{
    "Support Vector Machine (LinearSVC)": {
        "confusion_matrix": [
            [
                83281,
                2014
            ],
            [
                17,
                131
            ]
        ],
        "classification_report": {
            "0": {
                "precision": 0.9997959134673101,
                "recall": 0.9763878304707193,
                "f1-score": 0.9879532364926183,
                "support": 85295.0
            },
            "1": {
                "precision": 0.061072261072261075,
                "recall": 0.8851351351351351,
                "f1-score": 0.11426079372001745,
                "support": 148.0
            },
            "accuracy": 0.9762297672132298,
            "macro avg": {
                "precision": 0.5304340872697856,
                "recall": 0.9307614828029271,
                "f1-score": 0.5511070151063179,
                "support": 85443.0
            },
            "weighted avg": {
                "precision": 0.9981699043085204,
                "recall": 0.9762297672132298,
                "f1-score": 0.9864398710732117,
                "support": 85443.0
            }
        },
        "mcc": 0.22899635420754225,
        "roc_auc_score": 0.9657137470432505,
        "pr_auc_score": 0.7048813749456617,
        "optimal_threshold": 0.9990952797442129,
        "optimal_f1": 0.7692307691807743,
        "expected_cost": 366
    },
    "K-Nearest Neighbors": {
        "confusion_matrix": [
            [
                4989,
                6
            ],
            [
                2,
                3
            ]
        ],
        "classification_report": {
            "0": {
                "precision": 0.999599278701663,
                "recall": 0.9987987987987988,
                "f1-score": 0.9991988784298017,
                "support": 4995.0
            },
            "1": {
                "precision": 0.3333333333333333,
                "recall": 0.6,
                "f1-score": 0.42857142857142855,
                "support": 5.0
            },
            "accuracy": 0.9984,
            "macro avg": {
                "precision": 0.6664663060174981,
                "recall": 0.7993993993993994,
                "f1-score": 0.7138851535006151,
                "support": 5000.0
            },
            "weighted avg": {
                "precision": 0.9989330127562948,
                "recall": 0.9984,
                "f1-score": 0.9986282509799433,
                "support": 5000.0
            }
        },
        "mcc": 0.4464970864042701,
        "roc_auc_score": 0.7993993993993994,
        "pr_auc_score": 0.25754285714285713,
        "optimal_threshold": 1.0,
        "optimal_f1": 0.4999999999513889,
        "expected_cost": 24
    },
    "Decision Tree": {
        "confusion_matrix": [
            [
                85107,
                188
            ],
            [
                41,
                107
            ]
        ],
        "classification_report": {
            "0": {
                "precision": 0.9995184854606097,
                "recall": 0.9977958848701565,
                "f1-score": 0.9986564423296937,
                "support": 85295.0
            },
            "1": {
                "precision": 0.36271186440677966,
                "recall": 0.722972972972973,
                "f1-score": 0.48306997742663654,
                "support": 148.0
            },
            "accuracy": 0.9973198506606744,
            "macro avg": {
                "precision": 0.6811151749336947,
                "recall": 0.8603844289215647,
                "f1-score": 0.7408632098781651,
                "support": 85443.0
            },
            "weighted avg": {
                "precision": 0.998415441560981,
                "recall": 0.9973198506606744,
                "f1-score": 0.9977633697923806,
                "support": 85443.0
            }
        },
        "mcc": 0.5109641431157723,
        "roc_auc_score": 0.8603844289215647,
        "pr_auc_score": 0.2627107270078588,
        "optimal_threshold": 1.0,
        "optimal_f1": 0.4830699773821421,
        "expected_cost": 598
    },
    "Random Forest": {
        "confusion_matrix": [
            [
                85279,
                16
            ],
            [
                33,
                115
            ]
        ],
        "classification_report": {
            "0": {
                "precision": 0.9996131845461366,
                "recall": 0.9998124157336303,
                "f1-score": 0.9997127902137661,
                "support": 85295.0
            },
            "1": {
                "precision": 0.8778625954198473,
                "recall": 0.777027027027027,
                "f1-score": 0.8243727598566308,
                "support": 148.0
            },
            "accuracy": 0.9994265182636377,
            "macro avg": {
                "precision": 0.9387378899829919,
                "recall": 0.8884197213803287,
                "f1-score": 0.9120427750351985,
                "support": 85443.0
            },
            "weighted avg": {
                "precision": 0.9994022943949166,
                "recall": 0.9994265182636377,
                "f1-score": 0.9994090751699023,
                "support": 85443.0
            }
        },
        "mcc": 0.825625699663442,
        "roc_auc_score": 0.9727154406883582,
        "pr_auc_score": 0.8332796324193418,
        "optimal_threshold": 0.685,
        "optimal_f1": 0.8365019010914716,
        "expected_cost": 385
    },
    "XGBoost": {
        "confusion_matrix": [
            [
                84993,
                302
            ],
            [
                21,
                127
            ]
        ],
        "classification_report": {
            "0": {
                "precision": 0.9997529818618109,
                "recall": 0.9964593469722727,
                "f1-score": 0.9981034472635034,
                "support": 85295.0
            },
            "1": {
                "precision": 0.29603729603729606,
                "recall": 0.8581081081081081,
                "f1-score": 0.44020797227036396,
                "support": 148.0
            },
            "accuracy": 0.9962197020235712,
            "macro avg": {
                "precision": 0.6478951389495535,
                "recall": 0.9272837275401904,
                "f1-score": 0.7191557097669337,
                "support": 85443.0
            },
            "weighted avg": {
                "precision": 0.9985340414980358,
                "recall": 0.9962197020235712,
                "f1-score": 0.9971370892201413,
                "support": 85443.0
            }
        },
        "mcc": 0.5027650992479077,
        "roc_auc_score": 0.9690753711681082,
        "pr_auc_score": 0.8143571975093039,
        "optimal_threshold": 0.9665115475654602,
        "optimal_f1": 0.808664259878033,
        "expected_cost": 377
    }
}